sku_code,product_name,product_id
9321778000131,"[with FREE GIFT] Buy Equal Classic Zero Calorie Sweetener 100 Sticks, get FREE Luminarc .5L Rondo Jar",218931237
9321778000124,"EQUAL Classic 1 box x 50 sticks, 0 Calorie Sweetener Sticks, Sugar Substitute, Zero Calorie Sugar Alternative, Sugar Free, Diabetic Friendly Sweetener",218934125
9321778651999,"EQUAL Gold 1 box x 50 sticks, Zero Calorie Sweetener, Ketogenic Diet (Keto Diet) Friendly Sweetener, Low Carb Sweetener, Sugar Substitute, Erythritol Sweetener, Sucralose Sweetener, Sugar Free, Diabetic Friendly, Baking Sugar Alternative",218944540
9321778000087,"EQUAL Classic 1 pack x 100 tablets, 0 Calorie Sweetener Tablets, Sugar Substitute, Zero Calorie Sugar Alternative, Sugar Free, Diabetic Friendly Sweetener",218945136
9321778000094,"EQUAL Classic 1 pack x 200 tablets, 0 Calorie Sweetener Tablets, Sugar Substitute, Zero Calorie Sugar Alternative, Sugar Free, Diabetic Friendly Sweetener",218945240
7640110706503,"NATURALS STEVIA 1 box x 40 sticks, 100% Natural Zero Calorie Sweetener, Stevia Leaf Extract Sweetener, Erythritol Sweetener, Sugar Substitute, Sugar Free, Diabetic Friendly, Sugar Alternative",218945693
8850186100290,"EQUAL Classic 1 Box x 1000 Sticks, 0 Calorie Sweetener Sticks, Sugar Substitute, Zero Calorie Sugar Alternative, Sugar Free, Diabetic Friendly Sweetener",218951105
9321778650992,"EQUAL Gold 1 box x 750 sticks, Zero Calorie Sweetener, Ketogenic Diet (Keto Diet) Friendly Sweetener, Low Carb Sweetener, Sugar Substitute, Erythritol Sweetener, Sucralose Sweetener, Sugar Free, Diabetic Friendly, Baking Sugar Alternative",218955039
4807788056672,"EQUAL Classic 1 box x 12 sticks, 0 Calorie Sweetener Sticks, Sugar Substitute, Zero Calorie Sugar Alternative, Sugar Free, Diabetic Friendly Sweetener",252921726
8850186700070,"[with FREE GIFT] Buy Naturals Stevia 100% Natural Zero Calorie Sweetener 100 Sticks, get FREE 0.5 Rondo Jar",262222313
9321778671997,"EQUAL Gold Sugarly 1 pack x 150g, Zero Calorie Sweetener, Ketogenic Diet (Keto Diet) Friendly Sweetener, Low Carb Sweetener, Sugar Substitute, Erythritol Sweetener, Sucralose Sweetener, Sugar Free, Diabetic Friendly Sweetener, Baking Sugar Alternative",262228116
8850186106001,"[with FREE GIFT] Buy Equal Gold Zero Calorie Sweetener 400 G Pouch Pack, get FREE Luminarc Mug",262228117
8850186700131,"NATURALS STEVIA 1 pack x 15 sticks, 100% Natural Zero Calorie Sweetener, Stevia Leaf Extract Sweetener, Erythritol Sweetener, Sugar Substitute, Sugar Free, Diabetic Friendly, Sugar Alternative",270003051
8850186940018,"PURE VIA STEVIA 1 box x 40 sticks, Zero Calorie Sweetener Stevia Leaf Extract Sweetener, Sugar Substitute, Sugar Free, Diabetic Friendly, Sugar Alternative",310140744
8850186910011,"[with FREE GIFT] Buy 1 Pure Via Stevia Zero Calorie Sweetener 100 Sticks, get FREE Luminarc Glass with Straw",310166267
7640110709542,"NATURALS STEVIA 1 pack x 200 tablets, Zero Calorie Sweetener, Stevia Leaf Extract Sweetener, Sugar Substitute, Sugar Free, Diabetic Friendly, Sugar Alternative",414708059
WEBEQC000001,"EQUAL Classic 2 boxes x 12 sticks, 0 Calorie Sweetener Sticks, Sugar Substitute, Zero Calorie Sugar Alternative, Sugar Free, Diabetic Friendly Sweetener",724674127
WEBEQC000005,"EQUAL Classic 6 boxes x 12 sticks, 0 Calorie Sweetener Sticks, Sugar Substitute, Zero Calorie Sugar Alternative, Sugar Free, Diabetic Friendly Sweetener",725012551
WEBEQC000006,"EQUAL Classic 12 boxes x 12 sticks, 0 Calorie Sweetener Sticks, Sugar Substitute, Zero Calorie Sugar Alternative, Sugar Free, Diabetic Friendly Sweetener",725044481
WEBEQC000007,"EQUAL Classic 2 boxes x 50 sticks, 0 Calorie Sweetener Sticks, Sugar Substitute, Zero Calorie Sugar Alternative, Sugar Free, Diabetic Friendly Sweetener",725066349
WEBEQC000008,"[with FREE GIFT] Buy 3 boxes of Equal Classic Zero Calorie Sweetener 50 Sticks, get FREE Luminarc .5L Rondo Jar",725124707
WEBEQC000009,"[B3G1] Buy EQUAL Classic 50 Sticks x 3 Boxes, 0 Calorie Sweetener, Get FREE 50 Sticks",728066056
WEBEQC000019,"EQUAL Classic 2 packs x 100 tablets, 0 Calorie Sweetener Tablets, Sugar Substitute, Zero Calorie Sugar Alternative, Sugar Free, Diabetic Friendly Sweetener",728188798
WEBEQC000023,"EQUAL Classic 6 packs x 100 tablets, 0 Calorie Sweetener Tablets, Sugar Substitute, Zero Calorie Sugar Alternative, Sugar Free, Diabetic Friendly Sweetener",729298719
WEBEQG000007,"[BUY 2 GET 1] Buy 2 boxes of Equal Gold Zero Calorie Sweetener 750 Sticks, get FREE box of 750 Sticks",729380939
WEBNAT000023,"NATURALS STEVIA 4 boxes x 100 sticks, 100% Natural Zero Calorie Sweetener, Stevia Leaf Extract Sweetener, Erythritol Sweetener, Sugar Substitute, Sugar Free, Diabetic Friendly, Sugar Alternative",729380965
WEBPRV000007,"[with FREE GIFT] PURE VIA STEVIA 100 sticks x 4 boxes, Zero Calorie Sweetener, get FREE Luminarc Glass with Straw",729390777
WEBEQG000005,"[with FREE GIFT] Buy 6 boxes of Equal Gold No Calorie Sweetener 50 Sticks, get FREE 3x Quaker Oats 500g",729396991
WEBMIX000018,"EQUAL Gold 50 Sticks with NATURALS STEVIA 15 Sticks, 0 Calorie Sweetener, Ketogenic Diet (Keto Diet) Friendly Sweetener, Low Carb Sweetener, Sugar Substitute, Erythritol Sweetener, Sucralose Sweetener, Sugar Free, Diabetic Friendly, Sugar Alternative",729396994
WEBEQC000024,"EQUAL Classic 12 packs x 100 tablets, 0 Calorie Sweetener Tablets, Sugar Substitute, Zero Calorie Sugar Alternative, Sugar Free, Diabetic Friendly Sweetener",729402977
WEBNAT000025,"NATURALS STEVIA 6 boxes x 100 sticks, 100% Natural Zero Calorie Sweetener, Stevia Leaf Extract Sweetener, Erythritol Sweetener, Sugar Substitute, Sugar Free, Diabetic Friendly, Sugar Alternative",729404979
WEBEQG000016,"EQUAL Gold Sugarly 3 packs x 400g, Zero Calorie Sweetener, Ketogenic Diet (Keto Diet) Friendly Sweetener, Low Carb Sweetener, Sugar Substitute, Erythritol Sweetener, Sucralose Sweetener, Sugar Free, Diabetic Friendly Sweetener, Baking Sugar Alternative",729406961
WEBEQG000011,"[with FREE GIFT] Buy 4 pouches of Equal Gold Sugarly Zero Calorie Sweetener 150g, get FREE Luminarc Mug",729412713
WEBEQG000004,"[with FREE GIFT] Buy 5 boxes of Equal Gold No Calorie Sweetener 50 Sticks, get FREE 2x Quaker Oats 500g",729416805
WEBPRV000010,"[with FREE GIFT] PURE VIA STEVIA 100 sticks x 12 boxes, get FREE Luminarc Glass with Straw",729416845
WEBEQG000013,"EQUAL Gold Sugarly 6 packs x 150g, Zero Calorie Sweetener, Ketogenic Diet (Keto Diet) Friendly Sweetener, Low Carb Sweetener, Sugar Substitute, Erythritol Sweetener, Sucralose Sweetener, Sugar Free, Diabetic Friendly Sweetener, Baking Sugar Alternative",729420764
WEBNAT000015,"NATURALS STEVIA 3 boxes x 40 sticks, 100% Natural Zero Calorie Sweetener, Stevia Leaf Extract Sweetener, Erythritol Sweetener, Sugar Substitute, Sugar Free, Diabetic Friendly, Sugar Alternative",729420773
WEBNAT000032,"NATURALS STEVIA 200 tablets with FREE NATURALS STEVIA 15 sticks, 100% Natural Zero Calorie Sweetener, Stevia Leaf Extract Sweetener, Erythritol Sweetener, Sugar Substitute, Sugar Free, Diabetic Friendly, Sugar Alternative",729422542
WEBMIX000005,"EQUAL Gold 750 Sticks with NATURALS STEVIA 100 sticks and NATURALS STEVIA 200 Tablets, 0 Calorie & Low Carb Sweetener, Sugar Substitute, Erythritol & Sucralose Sweetener, Sugar Free, Diabetic Friendly, Baking Sugar Alternative",729424782
WEBEQG000015,"EQUAL Gold Sugarly 2 packs x 400g, Zero Calorie Sweetener, Ketogenic Diet (Keto Diet) Friendly Sweetener, Low Carb Sweetener, Sugar Substitute, Erythritol Sweetener, Sucralose Sweetener, Sugar Free, Diabetic Friendly Sweetener, Baking Sugar Alternative",729424787
WEBEQG000006,"[with FREE GIFT] Buy 12 boxes of Equal Gold No Calorie Sweetener 50 Sticks, get FREE 3x Quaker Oats 500g",729426744
WEBNAT000030,"NATURALS STEVIA 5 packs x 200 tablets, Zero Calorie Sweetener, Stevia Leaf Extract Sweetener, Sugar Substitute, Sugar Free, Diabetic Friendly, Sugar Alternative",729426778
WEBNAT000033,"NATURALS STEVIA 2 packs x 15 sticks, 100% Natural Zero Calorie Sweetener, Stevia Leaf Extract Sweetener, Erythritol Sweetener, Sugar Substitute, Sugar Free, Diabetic Friendly, Sugar Alternative",729426782
WEBEQG000002,"[with FREE GIFT] Buy 3 boxes of Equal Gold No Calorie Sweetener 50 Sticks, get FREE Quaker Oats 500g",729430712
WEBMIX000003,"EQUAL Gold 750 Sticks with NATURALS STEVIA 200 Tablets, 0 Calorie and Low Carb Sweetener, Ketogenic Diet (Keto Diet) Friendly Sweetener, Sugar Substitute, Erythritol Sweetener, Sucralose Sweetener, Sugar Free, Diabetic Friendly, Baking Sugar Alternative",729430722
WEBPRV000005,"[with FREE GIFT] PURE VIA STEVIA 12 box x 40 sticks, Zero Calorie Sweetener, get FREE Luminarc Mug",729432744
WEBEQG000009,"[with FREE GIFT] Buy 2 pouches of Equal Gold Sugarly Zero Calorie Sweetener 150g, get FREE Luminarc Mug",729434454
WEBEQG000010,"EQUAL Gold Sugarly 3 packs x 150g, Zero Calorie Sweetener, Ketogenic Diet (Keto Diet) Friendly Sweetener, Low Carb Sweetener, Sugar Substitute, Erythritol Sweetener, Sucralose Sweetener, Sugar Free, Diabetic Friendly Sweetener, Baking Sugar Alternative",729434455
WEBEQG000001,"[with FREE GIFT] Buy 2 boxes of Equal Gold No Calorie Sweetener 50 Sticks, get FREE Quaker Oats 500g",729436618
WEBNAT000016,"NATURALS STEVIA 4 boxes x 40 sticks, 100% Natural Zero Calorie Sweetener, Stevia Leaf Extract Sweetener, Erythritol Sweetener, Sugar Substitute, Sugar Free, Diabetic Friendly, Sugar Alternative",729438371
WEBNAT000017,"NATURALS STEVIA 5 boxes x 40 sticks, 100% Natural Zero Calorie Sweetener, Stevia Leaf Extract Sweetener, Erythritol Sweetener, Sugar Substitute, Sugar Free, Diabetic Friendly, Sugar Alternative",729440533
WEBNAT000034,"NATURALS STEVIA 3 packs x 15 sticks, 100% Natural Zero Calorie Sweetener, Stevia Leaf Extract Sweetener, Erythritol Sweetener, Sugar Substitute, Sugar Free, Diabetic Friendly, Sugar Alternative",729444481
WEBNAT000021,"[with FREE GIFT] Buy 2 boxes of Naturals Stevia Zero Calorie Sweetener 100 Sticks, get FREE 0.5 Rondo Jar",729448333
WEBNAT000014,"[with FREE GIFT] Buy 2 boxes of Naturals Stevia Zero Calorie Sweetener 40 Sticks, get FREE 0.5 Rondo Jar",729450168
WEBNAT000020,"NATURALS STEVIA 40 sticks with NATURALS STEVIA 200 tablets, Zero Calorie Sweetener, Stevia Leaf Extract Sweetener, Sugar Substitute, Sugar Free, Diabetic Friendly, Sugar Alternative",729452225
WEBNAT000031,"NATURALS STEVIA 6 packs x 200 tablets, Zero Calorie Sweetener, Stevia Leaf Extract Sweetener, Sugar Substitute, Sugar Free, Diabetic Friendly, Sugar Alternative",729456206
WEBNAT000029,"NATURALS STEVIA 4 packs x 200 tablets, Zero Calorie Sweetener, Stevia Leaf Extract Sweetener, Sugar Substitute, Sugar Free, Diabetic Friendly, Sugar Alternative",729458191
WEBEQG000017,"EQUAL Gold Sugarly 4 packs x 400g, Zero Calorie Sweetener, Ketogenic Diet (Keto Diet) Friendly Sweetener, Low Carb Sweetener, Sugar Substitute, Erythritol Sweetener, Sucralose Sweetener, Sugar Free, Diabetic Friendly Sweetener, Baking Sugar Alternative",729460142
WEBNAT000018,"NATURALS STEVIA 6 boxes x 40 sticks, 100% Natural Zero Calorie Sweetener, Stevia Leaf Extract Sweetener, Erythritol Sweetener, Sugar Substitute, Sugar Free, Diabetic Friendly, Sugar Alternative",729460147
WEBPRV000006,"[with FREE GIFT] Buy 3 boxes of Pure Via Stevia Zero Calorie Sweetener 100 Sticks, get FREE Luminarc Glass with Straw",729460170
WEBEQG000003,"[with FREE GIFT] Buy 4 boxes of Equal Gold No Calorie Sweetener 50 Sticks, get FREE 2x Quaker Oats 500g",729462048
WEBMIX000006,"EQUAL Gold 750 Sticks with NATURALS STEVIA 40 sticks , 0 Calorie Sweetener, Keto Diet Sweetener, Low Carb Sweetener, Sugar Substitute, Erythritol Sweetener, Sucralose Sweetener, Sugar Free, Diabetic Friendly, Baking Sugar Alternative",729462059
WEBNAT000038,"NATURALS STEVIA 12 packs x 15 sticks, 100% Natural Zero Calorie Sweetener, Stevia Leaf Extract Sweetener, Erythritol Sweetener, Sugar Substitute, Sugar Free, Diabetic Friendly, Sugar Alternative",729462087
WEBPRV000002,"[with FREE GIFT] Buy 4 boxes of Pure Via Stevia Zero Calorie Sweetener 40 Sticks, get FREE Luminarc Mug",729462093
WEBMIX000002,"EQUAL Gold 50 Sticks with NATURALS STEVIA 200 Tablets, 0 Calorie Sweetener, Keto & Low Carb Diet Friendly Sweetener, Sugar Substitute, Erythritol Sweetener, Sucralose Sweetener, Sugar Free, Diabetic Friendly, Baking Sugar Alternative",729464020
WEBEQC000017,"EQUAL Classic 6 boxes x 100 Sticks, 0 Calorie Sweetener Sticks, Sugar Substitute, Zero Calorie Sugar Alternative, Sugar Free, Diabetic Friendly Sweetener",751112630
WEBEQC000025,"EQUAL Classic 2 packs x 200 tablets, 0 Calorie Sweetener Tablets, Sugar Substitute, Zero Calorie Sugar Alternative, Sugar Free, Diabetic Friendly Sweetener",751112635
WEBEQC000029,"EQUAL Classic 6 packs x 200 tablets, 0 Calorie Sweetener Tablets, Sugar Substitute, Zero Calorie Sugar Alternative, Sugar Free, Diabetic Friendly Sweetener",751112638
WEBEQC000026,"EQUAL Classic 3 packs x 200 tablets, 0 Calorie Sweetener Tablets, Sugar Substitute, Zero Calorie Sugar Alternative, Sugar Free, Diabetic Friendly Sweetener",751114620
WEBEQC000014,"[B2G1] Buy EQUAL Classic 100 Sticks x 2 Boxes, 0 Calorie Sweetener, Get FREE 100 Sticks",751142267
WEBEQC000030,"EQUAL Classic 12 packs x 200 tablets, 0 Calorie Sweetener Tablets, Sugar Substitute, Zero Calorie Sugar Alternative, Sugar Free, Diabetic Friendly Sweetener",751146241
WEBEQC000027,"[B3G1] Buy EQUAL Classic 200 Tablets x 3 packs , 0 Calorie Sweetener, Get FREE 200 Tablets",751148245
WEBEQC000016,"EQUAL Classic 5 boxes x 100 Sticks, 0 Calorie Sweetener Sticks,Sugar Substitute, Zero Calorie Sugar Alternative, Sugar Free, Diabetic Friendly Sweetener",751154094
WEBEQC000013,"[with FREE GIFT] Buy 2 boxes of Equal Classic Zero Calorie Sweetener 100 Sticks, get FREE Luminarc .5L Rondo Jar",751160032
WEBEQC000010,"EQUAL Classic 5 boxes x 50 Sticks, 0 Calorie Sweetener Sticks, Sugar Substitute, Zero Calorie Sugar Alternative, Sugar Free, Diabetic Friendly Sweetener",752160064
WEBEQC000011,"EQUAL Classic 6 boxes x 50 Sticks, 0 Calorie Sweetener Sticks, Sugar Substitute, Zero Calorie Sugar Alternative, Sugar Free, Diabetic Friendly Sweetener",752180967
WEBMIX000007,"EQUAL Gold 50 sticks with NATURALS STEVIA 40 sticks, 0 Calorie Sweetener, Ketogenic Diet (Keto Diet) Friendly Sweetener, Low Carb Sweetener, Sugar Substitute, Erythritol Sucralose Sweetener, Sugar Free, Diabetic Friendly, Baking Sugar Alternative",935664902
7640110709436,"[with FREE GIFT] NATURALS STEVIA 1 pack x 100 tablets, Zero Calorie Sweetener, get FREE 0.5 Rondo Jar",1036868926
WEBNAT000042,"NATURALS STEVIA 5 packs x 100 tablets, Zero Calorie Sweetener, Stevia Leaf Extract Sweetener, Sugar Substitute, Sugar Free, Diabetic Friendly, Sugar Alternative",1036902513
WEBNAT000040,"NATURALS STEVIA 3 packs x 100 tablets, Zero Calorie Sweetener, Stevia Leaf Extract Sweetener, Sugar Substitute, Sugar Free, Diabetic Friendly, Sugar Alternative",1036928083
WEBMIX000010,"EQUAL Gold 750 Sticks with NATURALS STEVIA 100 Tablets, 0 Calorie & Low Carb Sweetener, Sugar Substitute, Erythritol & Sucralose Sweetener, Sugar Free, Diabetic Friendly, Baking Sugar Alternative",1112114613
WEBNAT000045,"NATURALS STEVIA 1 pack x 100 tablets with Naturals Stevia 40 Sticks, Zero Calorie Sweetener, Stevia Leaf Extract Sweetener, Sugar Substitute, Sugar Free, Diabetic Friendly, Sugar Alternative",1799941846
7630486400938,"NATURALS STEVIA 1 bag x 1 Kg, 100% Natural Zero Calorie Sweetener, Stevia Leaf Extract Sweetener, Erythritol Sweetener, Sugar Substitute, Sugar Free, Diabetic Friendly, Sugar Alternative",1956547229
7630486401041,"EQUAL Gold Sugarly 1 bag x 1kg, Zero Calorie Sweetener, Ketogenic Diet (Keto Diet) Friendly Sweetener, Low Carb Sweetener, Sugar Substitute, Erythritol Sweetener, Sucralose Sweetener, Sugar Free, Diabetic Friendly Sweetener, Baking Sugar Alternative",2250348506
7630486401119,"[with FREE GIFT] Buy Naturals Monk Fruit Zero Calorie Sweetener 40 Sticks, get FREE Luminarc Salto Glass (Blue)",2389965788
WEBNAT000047,"[with FREE GIFT] Buy 3 packs of Naturals Monk Fruit Zero Calorie Sweetener 200g, get FREE Quaker Rolled Oats 500g",2401331472
8850186121103,[WITH FREE GIFT] EQUAL CAFE CLASSIC ESPRESSO 3-IN-1 COFFEE MIX 10 STICKS with Equal Mug,2425017352
8850186161109,[WITH FREE GIFT] EQUAL CAFE MOCHA 3-IN-1 COFFEE MIX 10 STICKS with Equal Mug,2425033319
8850186131102,[WITH FREE GIFT] EQUAL CAFE CAPPUCCINO 3-IN-1 COFFEE MIX 10 STICKS with Equal Mug,2425060143
8850186141064,[WITH FREE GIFT] EQUAL CAFE MATCHA LATTE 3-IN-1 COFFEE MIX 6 STICKS with Equal Mug,2425067109
8850186151100,[WITH FREE GIFT] EQUAL CAFE CARAMEL LATTE 3-IN-1 COFFEE MIX 10 STICKS with Equal Mug,2425074057
WEBNAT000003,"[with FREE GIFT] Buy 3 boxes of Naturals Monk Fruit Zero Calorie Sweetener 40 Sticks, get FREE Luminarc Salto Glass (Blue)",2441120602
WEBNAT000005,"[B3G1] Buy Naturals Monk Fruit 40 Sticks x 3 Boxes, Zero Calorie Sweetener, Get FREE 40 Sticks",2475586920
WEBNAT000002,"[with FREE GIFT] Buy 2 boxes of Naturals Monk Fruit Zero Calorie Sweetener 40 Sticks, get FREE Luminarc Salto Glass (Blue)",2475627724
7630486401577,"NATURALS Erythritol 1 bag x 1kg, 100% Natural Sugar Replacement, 0 Calorie Sweetener, Ketogenic Diet (Keto Diet) Friendly, Low Carb Sugar Substitute, Erythritol Sweetener, Plant Based, Sugar Free, Diabetic Friendly Sweetener, Baking Sugar Alternative",2494736945
WEBNAT000077,"[B3G1] Buy Naturals Stevia 200 Tablets x 3 Packs, Zero Calorie Sweetener, Get FREE 200 Tablets",2721474732
WEBEQC000038,"[B2G1] Buy 2 Boxes of Equal Classic 1000 sticks, get FREE Classic 1000 Sticks",2761557079
WEBNAT000010,NATURALS STEVIA 200 TABLETS X 3 PACK,2962828386
WEBNAT000009,"NATURALS STEVIA 2 packs x 200 tablets, Zero Calorie Sweetener, Stevia Leaf Extract Sweetener, Sugar Substitute, Sugar Free, Diabetic Friendly, Sugar Alternative",2962835339
WEBEQG000046,"[with FREE GIFT] Buy Equal Gold Zero Calorie Sweetener 400 G Pouch Pack, get FREE 0.5 Rondo Jar",2987572771
WEBNAT000090,"NATURALS STEVIA 4 packs x 400g, 100% Natural Zero Calorie Sweetener, Stevia Leaf Extract Sweetener, Erythritol Sweetener, Sugar Substitute, Sugar Free, Diabetic Friendly, Sugar Alternative",3008624847
WEBNAT000082,"[with FREE GIFT] Buy 2 packs of Naturals Stevia 100% Natural Zero Calorie Sweetener 150g, get FREE Quaker Rolled Oats 500g",3008642759
WEBNAT000085,"NATURALS STEVIA 5 packs x 150g, 100% Natural Zero Calorie Sweetener, Stevia Leaf Extract Sweetener, Erythritol Sweetener, Sugar Substitute, Sugar Free, Diabetic Friendly, Sugar Alternative",3008676620
WEBNAT000081,"[with FREE GIFT] Buy NATURALS STEVIA 1 pack x 150g, get FREE 0.5 Rondo Jar",3008723449
WEBNAT000088,"NATURALS STEVIA 2 packs x 400g, 100% Natural Zero Calorie Sweetener, Stevia Leaf Extract Sweetener, Erythritol Sweetener, Sugar Substitute, Sugar Free, Diabetic Friendly, Sugar Alternative",3008732354
WEBNAT000083,"[with FREE GIFT] Buy 3 packs of Naturals Stevia 100% Natural Zero Calorie Sweetener 150g, get FREE Quaker Rolled Oats 500g",3008735323
WEBNAT000084,"[B3G1] Buy NATURALS STEVIA 150g x 3, Zero Calorie Sweetener, Get FREE 150g",3008758164
WEBNAT000089,"NATURALS STEVIA 3 packs x 400g, 100% Natural Zero Calorie Sweetener, Stevia Leaf Extract Sweetener, Erythritol Sweetener, Sugar Substitute, Sugar Free, Diabetic Friendly, Sugar Alternative",3008760149
7640110705018,"NATURALS STEVIA 1 pack x 150g, 100% Natural Zero Calorie Sweetener, Stevia Leaf Extract Sweetener, Erythritol Sweetener, Sugar Substitute, Sugar Free, Diabetic Friendly, Sugar Alternative",3008769043
WEBNAT000071,"[B3G1] Buy Naturals Stevia 100 Tablets x 3 Packs, Zero Calorie Sweetener, Get FREE 100 Tablets",3159784630
WEBEQG000060,"[with FREE GIFT] Buy 2 boxes of Equal Gold No Calorie Sweetener 50 Sticks, get Luminarc Mug",3285917357
7630486402864,"NATURALS STEVIA 1 box x 500 sticks, 100% Natural Zero Calorie Sweetener, Stevia Leaf Extract Sweetener, Erythritol Sweetener, Sugar Substitute, Sugar Free, Diabetic Friendly, Sugar Alternative",3528807254
WEBEQG000064,"[B2G1] Buy 2 boxes of Equal Gold Zero Calorie Sweetener 750 Sticks, get FREE 750 Sticks",3597227672
WEBEQC000046,"[with FREE GIFT] Buy Equal Classic Zero Calorie Sweetener 100 Sticks, get FREE 0.5 Rondo Jar",3602825673
7630486403335,"[with FREE GIFT] Buy Equal Classic Zero Calorie Sweetener 300 Sticks, get FREE Luminarc .5L Rondo Jar",3888187124
WEBMIX000031,"[GOOD FOR YOU GIFTSET] Buy Equal Gold 400g and Equal Gold 50 Sticks, get FREE Shiratake Noodles",4178417858
7630486403342,"PURE VIA STEVIA 15 sticks, Zero Calorie Sweetener Stevia Leaf Extract Sweetener",4238984766
WEBMIX000032,"[DETOX GIFTSET] Buy Naturals Stevia 100% Natural Zero Calorie Sweetener 100 Sticks, get FREE Twinings Four Red Fruits + Luminarc Mug",4254457323
WEBMIX000033,"[DETOX GIFTSET] Buy Naturals Monk Fruit Zero Calorie Sweetener 40 Sticks and Naturals Monk Fruit Zero Calorie Sweetener 200g, get FREE Twinings Strawberry & Mango",4254513245
WEBMIX000034,"[DETOX GIFTSET] Buy Naturals Stevia 100% Natural Zero Calorie Sweetener 40 Sticks, get FREE Twinings Passionfruit Mango and Orange + Luminarc Mug",4254545216
WEBCAFEML000002,[BUNDLE OF 5] EQUAL CAFE MATCHA LATTE 3-IN-1 COFFEE MIX 5 x 6 STICKS,4426249996
WEBCAFEA000001,"[BUNDLE OF 2] EQUAL CAFE AMERICANO 
3-IN-1 COFFEE MIX 2 x 10 STICKS",4426282861
WEBCAFECL000001,[BUNDLE OF 2] EQUAL CAFE CARAMEL LATTE 3-IN-1 COFFEE MIX 2 x 10 STICKS,4426304789
WEBCAFE000002,"[BESTSELLER PACK] EQUAL CAFE CLASSIC ESPRESSO, CARAMEL LATTE, AND CAPPUCCINO",4426373616
WEBCAFECL000002,[BUNDLE OF 5] EQUAL CAFE CARAMEL LATTE 3-IN-1 COFFEE MIX 5 x 10 STICKS,4426374624
WEBCAFEM000002,"[BUNDLE OF 5] EQUAL CAFE MOCHA 
3-IN-1 COFFEE MIX 5 x 10 STICKS",4426374625
WEBCAFEA000002,"[BUNDLE OF 5] EQUAL CAFE AMERICANO 
3-IN-1 COFFEE MIX 5 x 10 STICKS",4426374626
7630486401256,"[WITH FREE GIFT] EQUAL CAFE AMERICANO 
3-IN-1 COFFEE MIX 10 STICKS with Equal Mug",4426380593
WEBCAFECE000001,[BUNDLE OF 2] EQUAL CAFE CLASSIC ESPRESSO 3-IN-1 COFFEE MIX 2 x 10 STICKS,4426390606
WEBCAFEML000001,[BUNDLE OF 2] EQUAL CAFE MATCHA LATTE 3-IN-1 COFFEE MIX 2 x 6 STICKS,4426426418
WEBCAFEM000001,"[BUNDLE OF 2] EQUAL CAFE MOCHA 
3-IN-1 COFFEE MIX 2 x 10 STICKS",4426434200
WEBCAFEC000002,[BUNDLE OF 5] EQUAL CAFE CAPPUCCINO 3-IN-1 COFFEE MIX 5 x 10 STICKS,4426447095
WEBCAFE000001,"[TRIAL PACK] EQUAL CAFE ESPRESSO, CARAMEL LATTE, CAPPUCCINO, MOCHA, MATCHA LATTE AND AMERICANO",4426457043
WEBCAFECE000002,[BUNDLE OF 5] EQUAL CAFE CLASSIC ESPRESSO 3-IN-1 COFFEE MIX 5 x 10 STICKS,4426458048
WEBCAFEC000001,[BUNDLE OF 2] EQUAL CAFE CAPPUCCINO 3-IN-1 COFFEE MIX 2 x 10 STICKS,4426460054
WEBFEQG00003,"[B2G1] Buy 2 Boxes of Equal Gold 50 Sticks, Zero Calorie Sweetener , Get FREE Monk Fruit Brown 150g",4428356995
WEBFEQC00004,"[B2G1] Buy 2 Boxes of Equal Classic 100 Sticks, 0 Calorie Sweetener , Get FREE Monk Fruit Brown 150g",4428375826
WEBFNAT00007,"[B2G1] Buy 2 Boxes of Pure Via 100 Sticks, Zero Calorie Sweetener , Get FREE Monk Fruit Brown 150g",4428377777
WEBFNAT00001,"[B3G1] Buy 3 Boxes of Naturals Stevia 500 sticks, 100% Natural, Zero Calorie, Get FREE 500 Sticks",4428387693
WEBFEQC00001,"[B3G1] Buy 3 Boxes of Equal Classic 1000 Sticks, 0 Calorie Low Carb Sweetener, get FREE 1000 Sticks",4428409492
WEBFPRV00002,"[B3G1] Buy 3 Boxes of Pure Via 100 Sticks, Zero Calorie Sweetener, Get FREE Pure Via 100 Sticks",4428410502
WEBFEQC00002,"[B3G1] Buy 3 Equal Classic 100 Tablets, 0 Calorie Low Carb Sweetener, Get FREE 100 Tablets",4428417438
WEBFNAT00003,"[B3G1] Buy 3 Boxes of Naturals Stevia 100 sticks, 100% Natural, Zero Calorie , Get FREE 100 Sticks",4428435347
WEBFEQG00001,"[B3G1] Buy 3 Boxes of Equal Gold 750 Sticks, Zero Calorie Sweetener , get FREE 750 Sticks",4428444296
WEBFPRV00001,"[B3G1] Buy 3 Boxes of Pure Via 40 Sticks, Zero Calorie Sweetener, Get FREE Pure Via 40 Sticks",4428447275
WEBFNAT00006,"[B2G1] Buy 2 Boxes of Naturals Stevia 100 sticks, 100% Natural, Zero Calorie , Get FREE Monk Fruit Brown 150g",4428451211
WEBFEQG00002,"[B2G1] Buy 2 Equal Gold 150g, Zero Calorie Sweetener , get FREE Equal Gold 150g",4428471191
WEBFNAT00005,"[B1G1] Buy 1 Monk Fruit Brown Sugar 150g, Zero Calorie Sweetener, Get FREE Monk Fruit Brown 150g",4428503137
WEBFNAT00002,"[B3G1] Buy 3 Boxes of Naturals Stevia 40 sticks, 100% Natural, Zero Calorie , Get FREE 40 Sticks",4428523056
156225,"NATURALS STEVIA 1 Box X 300 Sticks, 100% Natural Zero Calorie Sweetener, Stevia Leaf Extract Sweetener, Erythritol Sweetener, Sugar Substitute, Sugar Replacement, Natural Sweetener, Sugar Free, Diabetic Friendly, Sugar Alternative",218945924
157784,"Equal Classic 100 Sticks With Free Luminarc Jug,0 Calorie Sweetener Sticks, Sugar Substitute, Zero Calorie Sugar Alternative, Sugar Free, Diabetic Friendly Sweetener",218972136
156963-156901,Equal Classic Healthy Sweet Pack 2,218993378
163097,Equal Slimming Coffee 5 x 18g Sticks with Collagen,219472902
4807788719959,"EQUAL Classic 1 Box x 100 Sticks With Free Luminarc Glass Coffee Mug, 0 Calorie Sweetener Sticks, Sugar Substitute, Zero Calorie Sugar Alternative, Sugar Free, Diabetes Friendly Sweetener",224929741
156966LZDV2,"EQUAL Gold 2 boxes x 750 Sticks, Zero Calorie Sweetener,Ketogenic Diet (Keto Diet) Friendly Sweetener, Low Carb Sweetener, Sugar Substitute, Erythritol Sweetener, Sucralose Sweetener, Sugar Free, Diabetic Friendly, Baking Sugar Alternative",262224215
166204LZDV4,"NATURALS STEVIA 4 Packs x 15 Sticks, 100% Natural Zero Calorie Sweetener, Stevia Leaf Extract Sweetener, Erythritol Sweetener, Sugar Substitute, Sugar Free, Diabetic Friendly, Sugar Alternative",293404369
166204LZDV5,"NATURALS STEVIA 5 Packs x 15 Sticks, 100% Natural Zero Calorie Sweetener, Stevia Leaf Extract Sweetener, Erythritol Sweetener, Sugar Substitute, Sugar Free, Diabetic Friendly, Sugar Alternative",293406305
166205LZDV4,"NATURALS STEVIA 4 boxes x 100 Sticks, 100% Natural Zero Calorie Sweetener, Stevia Leaf Extract Sweetener, Erythritol Sweetener, Sugar Substitute, Sugar Free, Diabetes Friendly, Sugar Alternative",293406307
166205LZDV12,"NATURALS STEVIA 12 Boxes x 100 Sticks, 100% Natural Zero Calorie Sweetener, Stevia Leaf Extract Sweetener, Erythritol Sweetener, Sugar Substitute, Sugar Free, Diabetic Friendly, Sugar Alternative",293410213
166203LZDV12,"EQUAL Gold Sugarly 12 Packs x 400g, Zero Calorie Sweetener, Ketogenic Diet (Keto Diet) Friendly Sweetener, Low Carb Sweetener, Sugar Substitute, Erythritol Sweetener, Sucralose Sweetener, Sugar Free, Diabetic Friendly Sweetener, Baking Sugar Alternative",293420002
166204LZDV6,"NATURALS STEVIA 6 packs x 15 Sticks, 100% Natural Zero Calorie Sweetener, Stevia Leaf Extract Sweetener, Erythritol Sweetener, Sugar Substitute, Sugar Free, Diabetic Friendly, Sugar Alternative",293420172
166205LZDV5,"NATURALS STEVIA 5 boxes x 100 Sticks, 100% Natural Zero Calorie Sweetener, Stevia Leaf Extract Sweetener, Erythritol Sweetener, Sugar Substitute, Sugar Free, Diabetic Friendly, Sugar Alternative",293420174
166204LZDV12,"NATURALS STEVIA 12 Packs x 15 Sticks, 100% Natural Zero Calorie Sweetener, Stevia Leaf Extract Sweetener, Erythritol Sweetener, Sugar Substitute, Sugar Free, Diabetic Friendly, Sugar Alternative",293422159
166205LZDV6,"NATURALS STEVIA 6 boxes x 100 Sticks, 100% Natural Zero Calorie Sweetener, Stevia Leaf Extract Sweetener, Erythritol Sweetener, Sugar Substitute, Sugar Free, Diabetic Friendly, Sugar Alternative",293426100
191234,"WHOLE EARTH SWEETENER 40 STICKS, 100% NATURAL SWEET GRANULES MADE WITH ORGANIC STEVIA",329130335
166208LZDV2,"NATURALS STEVIA 200 tablets x 2 packs, Zero Calorie Sweetener, Stevia Leaf Extract Sweetener, Sugar Substitute, Sugar Free, Diabetic Friendly, Sugar Alternative",414696612
166208LZDV4,"NATURALS STEVIA 200 tablets x 4 packs, Zero Calorie Sweetener, Stevia Leaf Extract Sweetener, Sugar Substitute, Sugar Free, Diabetic Friendly, Sugar Alternative",414754766
166208LZDV5,"NATURALS STEVIA 200 tablets x 5 packs, Zero Calorie Sweetener, Stevia Leaf Extract Sweetener, Sugar Substitute, Sugar Free, Diabetic Friendly, Sugar Alternative",414780295
169816,"EQUAL Gold Sugarly 150G Pouch with Free Luminarc Bowl, 0 Calorie Sweetener, Ketogenic (Keto Diet) and Low Carb Sweetener, Sugar Substitute, Erythritol Sweetener, Sucralose Sweetener, Sugar Free, Diabetic Friendly Sweetener, Baking Sugar Alternative",414934550
169817,"EQUAL Gold Sugarly 400g Pouch with Free 2 Luminarc Bowls, 0 Calorie Sweetener, Keto Diet and Low Carb Diet Sweetener, Sugar Substitute, Erythritol Sweetener, Sucralose Sweetener, Sugar Free, Diabetic Friendly Sweetener, Baking Sugar Alternative",414970234
883314177954,LUMINARC DESSERT BOWL (FREE ITEM),447834507
2ARCBOWLS_FREE,2 PCS. LUMINARC DESSERT BOWLS (FREE ITEMS),489106193
156965LZDV4_ARC,"EQUAL Classic 4 Boxes x 12 Sticks with Free Luminarc Bowl (Limited Edition), 0 Calorie Sweetener Sticks,Sugar Substitute, Zero Calorie Sugar Alternative, Sugar Free, Diabetic Friendly Sweetener",496336494
156965LZDV5_ARC,"EQUAL Classic 5 boxes x 12 Sticks with Free Luminarc Bowl (Limited Edition), 0 Calorie Sweetener Sticks,Sugar Substitute, Zero Calorie Sugar Alternative, Sugar Free, Diabetic Friendly Sweetener,",496382396
156964_ARC,"EQUAL Classic 1 Pack X 50 Sticks with Free Luminarc Bowl (Limited Edition), 0 Calorie Sweetener Sticks,Sugar Substitute, Zero Calorie Sugar Alternative, Sugar Free, Diabetic Friendly Sweetener",496388849
156902_ARC,"EQUAL Classic 1 Pack X 100 Tablets with Free Luminarc Bowl (Limited Edition), 0 Calorie Sweetener Tablets,Sugar Substitute, Zero Calorie Sugar Alternative, Sugar Free, Diabetes Friendly Sweetener",496432587
156902LZDV2_ARC,"EQUAL Classic 2 packs x 100 Sweetener Tablets with Free Luminarc Bowl (Limited Edition), 0 Calorie Sweetener Tablets,Sugar Substitute, Zero Calorie Sugar Alternative, Sugar Free, Diabetic Friendly Sweetener",496434865
156901_ARC,"EQUAL Classic 1 Pack X 200 Tablets with Free Luminarc Bowl (Limited Edition), 0 Calorie Sweetener Tablets,Sugar Substitute, Zero Calorie Sugar Alternative, Sugar Free, Diabetic Friendly Sweetener",496488101
166202_ARC,"EQUAL Gold Sugarly 150g Pack with Free Luminarc Bowl (Limited Edition), 0 Calorie Sweetener, Keto Diet & Low Carb Sweetener, Sugar Substitute, Erythritol Sweetener, Sucralose Sweetener, Sugar Free, Diabetic Friendly Sweetener, Baking Sugar Alternative",496506197
156227_ARC,"NATURALS STEVIA 1 Box X 40 Sticks with Free Luminarc Bowl (Limited Edition), 100% Natural Zero Calorie Sweetener,Stevia Leaf Extract Sweetener, Erythritol Sweetener, Sugar Substitute, Sugar Free, Diabetic Friendly, Sugar Alternative",496512873
166204LZDV3_ARC,"NATURALS STEVIA 3 Packs x 15 Sticks with Free Luminarc Bowl (Limited Edition),100% Natural Zero Calorie Sweetener, Stevia Leaf Extract Sweetener, Erythritol Sweetener, Sugar Substitute, Sugar Free, Diabetic Friendly, Sugar Alternative",496574841
166204LZDV2_ARC,"NATURALS STEVIA 2 Packs x 15 Sticks with Luminarc Bowl (Limited Edition), 100% Natural Zero Calorie Sweetener,Stevia Leaf Extract Sweetener, Erythritol Sweetener, Sugar Substitute, Sugar Free, Diabetic Friendly, Sugar Alternative",496606256
166206_ARC,"PURE VIA Stevia 40 Sticks with Luminarc Bowl (Limited Edition) , Zero Calorie Sweetener Stevia Leaf Extract Sweetener, Sugar Substitute, Sugar Free, Diabetic Friendly, Sugar Alternative",496612375
156967-166204_ARC,"EQUAL Gold 50 Sticks with Naturals Stevia 15 Sticks with Free Luminarc Bowl (Limited Edition),0 Cal Sweetener, Keto Diet & Low Carb Sugar Substitute, Erythritol Sweetener, Sucralose Sweetener, Sugar Free, Diabetic Friendly, Baking Sugar Alternative",496672123
156966-166205-166208,"EQUAL Gold 1 box x 750 Sticks with Naturals Stevia 1 pack x 100 sticks & Naturals Stevia 1 pack x 200 Tablets, 0 Calorie & Low Carb Sweetener, Sugar Substitute, Erythritol & Sucralose Sweetener, Sugar Free, Diabetic Friendly, Baking Sugar Alternative",496794988
156966-156227,"EQUAL Gold 1 Box x 750 Sticks with Naturals Stevia 1 pack x 40 sticks, 0 Calorie Sweetener, Keto Diet Sweetener, Low Carb Sweetener, Sugar Substitute, Erythritol Sweetener, Sucralose Sweetener, Sugar Free, Diabetic Friendly, Baking Sugar Alternative",496798204
166208-166204,"NATURALS STEVIA 200 TABLETS x 1 PACK with NATURALS STEVIA 1 PACK x 15 STICKS, Zero Calorie Sweetener, Stevia Leaf Extract Sweetener, Sugar Substitute, Sugar Free, Diabetic Friendly, Sugar Alternative",496838679
156966-156967-166202,"EQUAL Gold 1 box x 750 Sticks with Equal Gold 1 pack x 50 Sticks & Equal Gold Sugarly 1 pack x 150g, 0 Calorie, Keto Diet & Low Carb Sweetener, Sugar Substitute, Erythritol & Sucralose Sweetener, Sugar Free, Diabetic Friendly, Baking Sugar Alternative",497510790
166205_CBlack,"NATURALS STEVIA 1 box x 100 Sticks with FREE Caravan Black Voucher, 100% Natural Zero Calorie Sweetener,Stevia Leaf Extract Sweetener, Erythritol Sweetener, Sugar Substitute, Sugar Free, Diabetic Friendly, Sugar Alternative",497590912
166204_CBlack,"NATURALS STEVIA 1 pack x 15 Sweetener Sticks with FREE Caravan Black Voucher, 100% Natural Zero Calorie Sweetener,Stevia Leaf Extract Sweetener, Erythritol Sweetener, Sugar Substitute, Sugar Free, Diabetic Friendly, Sugar Alternative",497596818
156227_CBlack,"NATURALS STEVIA 1 Box X 40 Sticks with FREE Caravan Black Voucher, 100% Natural Zero Calorie Sweetener,Stevia Leaf Extract Sweetener, Erythritol Sweetener, Sugar Substitute, Sugar Free, Diabetic Friendly, Sugar Alternative",497610852
156967-166208,"EQUAL Gold 1 Box x 50 Sticks with Naturals Stevia 1 pack x 200 Tablets, 0 Calorie Sweetener, Keto & Low Carb Diet Friendly Sweetener, Sugar Substitute, Erythritol Sweetener, Sucralose Sweetener, Sugar Free, Diabetic Friendly, Baking Sugar Alternative",497618094
166208_CBlack,"NATURALS STEVIA 200 TABLETS X 1 PACK with FREE Caravan Black Voucher, Zero Calorie Sweetener, Stevia Leaf Extract Sweetener, Sugar Substitute, Sugar Free, Diabetic Friendly, Sugar Alternative",497660100
166208-156901,"NATURALS STEVIA 200 Tablets X 1 Pack with EQUAL CLASSIC 200 Tablets X 1 Pack, Zero Calorie Sweetener, Stevia Leaf Extract Sweetener, Sugar Substitute, Sugar Free, Diabetic Friendly, Sugar Alternative",634870298
156967-166202-156227,"EQUAL GOLD 1 Box X 50 Sticks with EQUAL GOLD SUGARLY 1 Pack x 150G and NATURALS STEVIA 1 Box X 40 Sticks, Keto & Low Carb Diet Friendly Sugar Substitute, Erythritol and Sucralose Sweetener, Sugar Free, Diabetic Friendly, Baking Sugar Alternative",634918656
166202-166206,"EQUAL Gold Sugarly 150G Pouch Pack with PURE VIA Stevia 1 Pack X 40 Sticks, 0 Calorie Sweetener, Low Carb & Diet Friendly, Sugar Substitute, Erythritol Sweetener, Sucralose Sweetener, Sugar Free, Diabetic Friendly Sweetener, Baking Sugar Alternative",635062280
156966LZDV2_F156227,"EQUAL Gold 2 boxes x 750 Sticks with FREE NATURALS Stevia 1 Box X 40 Sticks, 0 Calorie Sweetener, Keto & Low Carb Diet Friendly, Sugar Substitute, Erythritol Sweetener, Sucralose Sweetener, Sugar Free, Diabetic Friendly, Baking Sugar Alternative",635112304
156966_F166204,"EQUAL Gold 1 box x 750 Sticks with FREE NATURALS Stevia 1 Pouch X 15 Sticks, 0 Calorie Sweetener, Keto & Low Carb Diet Sweetener, Sugar Substitute, Erythritol Sweetener, Sucralose Sweetener, Sugar Free, Diabetic Friendly, Baking Sugar Alternative",635254094
156966_F166206,"EQUAL Gold 1 box x 750 Sticks with FREE PURE VIA Stevia 1 Box x 40 Sticks, 0 Calorie Sweetener, Low Carb & Keto Diet Sweetener, Sugar Substitute, Erythritol Sweetener, Sucralose Sweetener, Sugar Free, Diabetic Friendly, Baking Sugar Alternative",635380764
166207_FLumiRondo,"Pure Via Stevia 100 Sticks with Free Luminarc Rondo Jar, Zero Calorie Sweetener Stevia Leaf Extract Sweetener, Sugar Substitute, Sugar Free, Diabetic Friendly, Sugar Alternative",635534329
156967_OO1RB,"EQUAL GOLD Overnight Oats Bundle 1: EQUAL Gold 50 Sticks with Rude Health Brown Rice Drink 1L & Rude Health Smoothie Oats 250g Keto & Low-carb Diet Friendly Sweetener, Low Fat, Low Salt, Organic & Dairy-Free Drink, Non-GMO Wholegrain Oats",641600095
156967_OO2RB,"EQUAL GOLD Overnight Oats Bundle 2: EQUAL Gold 50 Sticks with Rebel Kitchen Semi Skimmed Plant Based Mylk 1L & Rude Health Smoothie Oats 250g Keto & Low-carb Diet Friendly Sweetener, Vegan, Organic & Dairy-Free Drink, Non-GMO Wholegrain Oats",641836187
166206_GB1RB,"PURE VIA STEVIA Granola Bowl Bundle 1: Pure Via Stevia 40 Sticks with Lizi's Granola Belgian Chocolate 400g Zero-calorie, Sugar-free, & Diabetic-Friendly Stevia Leaf Extract Sweetener, Glycemic Load Tested, Vegan, & Wholegrain Granola",641902566
166206_GB2RB,"PURE VIA STEVIA Granola Bowl Bundle 2: Pure Via Stevia 40 Sticks with Lizi's Gluten Free Granola 400g Zero-calorie, Sugar-free, & Diabetic-Friendly Stevia Leaf Extract Sweetener, Glycemic Load Tested, Vegan, & High Fiber Granola",641982024
156227_MT1RB,"NATURALS STEVIA Milk Tea Bundle 1: NATURALS STEVIA 40 Sticks with Rude Health Brown Rice Drink 1L & Jones Tea Organic Black Tea Earl Grey (25x1.5g) 100% Natural Stevia Leaf Extract Sweetener, Organic & Dairy-Free Drink, Organic & Gluten-Free Tea",642002659
166206_GB3RB,"PURE VIA STEVIA Granola Bowl Bundle 3: Pure Via Stevia 40 Sticks with Lizi's Organic Granola 500g Zero-calorie, Sugar-free, & Diabetic-Friendly Stevia Leaf Extract Sweetener, Glycemic Load Tested, Vegan, 0 Cholesterol, Low Fat & High Fiber Granola",642004323
156227_MT2RB,"NATURALS STEVIA Milk Tea Bundle 2: NATURALS STEVIA 40 Sticks with Rude Health Brown Rice Drink 1L & Jones Tea Organic Black Tea (25x1.5g) 100% Natural Stevia Leaf Extract Sweetener, Organic & Dairy-Free Drink, Organic & Gluten-Free Tea",642106354
WEBEQC000002,"EQUAL Classic 3 boxes x 12 sticks, 0 Calorie Sweetener Sticks, Sugar Substitute, Zero Calorie Sugar Alternative, Sugar Free, Diabetic Friendly Sweetener",724786172
WEBEQC000003,"EQUAL Classic 4 boxes x 12 sticks, 0 Calorie Sweetener Sticks, Sugar Substitute, Zero Calorie Sugar Alternative, Sugar Free, Diabetic Friendly Sweetener",724966532
WEBEQC000004,"EQUAL Classic 5 boxes x 12 sticks, 0 Calorie Sweetener Sticks, Sugar Substitute, Zero Calorie Sugar Alternative, Sugar Free, Diabetic Friendly Sweetener",725016293
WEBEQC000021,"EQUAL Classic 4 packs x 100 Tablets, 0 Calorie Sweetener Tablets,Sugar Substitute, Zero Calorie Sugar Alternative, Sugar Free, Diabetes Friendly Sweetener",728250417
WEBEQC000022,"EQUAL Classic 5 packs x 100 tablets, 0 Calorie Sweetener Tablets, Sugar Substitute, Zero Calorie Sugar Alternative, Sugar Free, Diabetic Friendly Sweetener",729320474
WEBPRV000008,"PURE VIA STEVIA 5 boxes x 100 sticks, Zero Calorie Sweetener Stevia Leaf Extract Sweetener, Sugar Substitute, Sugar Free, Diabetic Friendly, Sugar Alternative",729390778
WEBPRV000001,"PURE VIA STEVIA 3 boxes x 40 sticks, Zero Calorie Sweetener Stevia Leaf Extract Sweetener, Sugar Substitute, Sugar Free, Diabetic Friendly, Sugar Alternative",729408908
WEBPRV000004,"PURE VIA STEVIA 6 boxes x 40 sticks, Zero Calorie Sweetener Stevia Leaf Extract Sweetener, Sugar Substitute, Sugar Free, Diabetic Friendly, Sugar Alternative",729410645
WEBPRV000009,"PURE VIA STEVIA 6 boxes x 100 sticks, Zero Calorie Sweetener Stevia Leaf Extract Sweetener, Sugar Substitute, Sugar Free, Diabetic Friendly, Sugar Alternative",729412757
EQUAL20200103,Pure Via Stevia 100 Sticks - Buy 1 Get 1,729414852
WEBEQG000012,"EQUAL Gold Sugarly 5 packs x 150g, Zero Calorie Sweetener, Ketogenic Diet (Keto Diet) Friendly Sweetener, Low Carb Sweetener, Sugar Substitute, Erythritol Sweetener, Sucralose Sweetener, Sugar Free, Diabetic Friendly Sweetener, Baking Sugar Alternative",729418632
WEBNAT000026,"NATURALS STEVIA 12 boxes x 100 sticks, 100% Natural Zero Calorie Sweetener, Stevia Leaf Extract Sweetener, Erythritol Sweetener, Sugar Substitute, Sugar Free, Diabetic Friendly, Sugar Alternative",729418650
WEBEQG000020,"EQUAL Gold Sugarly 12 packs x 400g, Zero Calorie Sweetener, Ketogenic Diet (Keto Diet) Friendly Sweetener, Low Carb Sweetener, Sugar Substitute, Erythritol Sweetener, Sucralose Sweetener, Sugar Free, Diabetic Friendly Sweetener, Baking Sugar Alternative",729424791
WEBNAT000035,"NATURALS STEVIA 4 packs x 15 sticks, 100% Natural Zero Calorie Sweetener, Stevia Leaf Extract Sweetener, Erythritol Sweetener, Sugar Substitute, Sugar Free, Diabetic Friendly, Sugar Alternative",729424809
WEBNAT000024,"NATURALS STEVIA 5 boxes x 100 sticks, 100% Natural Zero Calorie Sweetener, Stevia Leaf Extract Sweetener, Erythritol Sweetener, Sugar Substitute, Sugar Free, Diabetic Friendly, Sugar Alternative",729426774
WEBNAT000027,Naturals Stevia 200 Tablets - Buy 1 Get 1,729426776
WEBNAT000028,"NATURALS STEVIA 3 packs x 200 tablets, Zero Calorie Sweetener, Stevia Leaf Extract Sweetener, Sugar Substitute, Sugar Free, Diabetic Friendly, Sugar Alternative",729428807
WEBMIX000001,"EQUAL Gold 50 Sticks with PURE VIA STEVIA 40 Sticks, 0 Calorie Sweetener, Low Carb Diet & Ketogenic Diet (Keto Diet) Friendly Sweetener Sugar Substitute, Erythritol Sweetener, Sucralose Sweetener, Sugar Free, Diabetic Friendly, Baking Sugar Alternative",729430717
WEBNAT000037,"NATURALS STEVIA 6 packs x 15 sticks, 100% Natural Zero Calorie Sweetener, Stevia Leaf Extract Sweetener, Erythritol Sweetener, Sugar Substitute, Sugar Free, Diabetic Friendly, Sugar Alternative",729434484
7640110709542_FREEGOODS_B12,NATURALS STEVIA 200 TABLETS X 12 PACK,729438384
WEBNAT000022,"[BUY 3 GET 1] Buy 3 boxes of Naturals Stevia 100% Natural Zero Calorie Sweetener 100 Sticks, get FREE 100 Sticks",729442314
WEBPRV000003,"PURE VIA STEVIA 5 boxes x 40 sticks, Zero Calorie Sweetener Stevia Leaf Extract Sweetener, Sugar Substitute, Sugar Free, Diabetic Friendly, Sugar Alternative",729446421
WEBEQG000018,"EQUAL Gold Sugarly 5 packs x 400g, Zero Calorie Sweetener, Ketogenic Diet (Keto Diet) Friendly Sweetener, Low Carb Sweetener, Sugar Substitute, Erythritol Sweetener, Sucralose Sweetener, Sugar Free, Diabetic Friendly Sweetener, Baking Sugar Alternative",729454208
WEBEQG000019,"EQUAL Gold Sugarly 6 packs x 400g, Zero Calorie Sweetener, Ketogenic Diet (Keto Diet) Friendly Sweetener, Low Carb Sweetener, Sugar Substitute, Erythritol Sweetener, Sucralose Sweetener, Sugar Free, Diabetic Friendly Sweetener, Baking Sugar Alternative",729454211
WEBMIX000004,"EQUAL Gold 750 sticks with PURE VIA STEVIA 100 sticks, 0 Calorie and Low Carb Sweetener, Ketogenic Diet (Keto Diet) Friendly Sweetener, Sugar Substitute, Erythritol Sweetener, Sucralose Sweetener, Sugar Free, Diabetic Friendly, Baking Sugar Alternative",729456180
WEBNAT000036,"NATURALS STEVIA 5 packs x 15 sticks, 100% Natural Zero Calorie Sweetener, Stevia Leaf Extract Sweetener, Erythritol Sweetener, Sugar Substitute, Sugar Free, Diabetic Friendly, Sugar Alternative",729460162
5060120281999,RH Brown Rice 1L,747142927
4791041008556,Jones Tea Black Tea Earl Grey,747194852
4791041000512,Jones Tea Black Tea,747268062
WEBEQC000015,"EQUAL Classic 4 boxes x 100 Sticks, 0 Calorie Sweetener Sticks,Sugar Substitute, Zero Calorie Sugar Alternative, Sugar Free, Diabetic Friendly Sweetener",751150111
WEBEQC000028,"EQUAL Classic 5 packs x 200 tablets, 0 Calorie Sweetener Tablets, Sugar Substitute, Zero Calorie Sugar Alternative, Sugar Free, Diabetic Friendly Sweetener",751164032
WEBEQC000020,"EQUAL Classic 3 packs x 100 tablets, 0 Calorie Sweetener Tablets, Sugar Substitute, Zero Calorie Sugar Alternative, Sugar Free, Diabetic Friendly Sweetener",752272122
EQUAL20200128,"EQUAL Gold Overnight Oats Bundle 1, Equal Gold 0 Calorie Sweetener Sticks, Sugar Substitute, Sugar Alternative & Replacement,Erythritol, Sucralose Sweetener, Rude Health Organic Gluten Free Brown Rice Drink Vegan Milk Alternative and Rude Health Porridge",761588879
EQUAL20200129,"EQUAL Gold Overnight Oats Bundle 2, Equal Gold 0 Calorie Sweetener Sticks, Sugar Substitute, Sugar Alternative and Replacement,Erythritol, Sucralose Sweetener, Rude Health Organic Gluten Free Brown Rice Drink Vegan Milk Alternative and Rude Health Muesli",761626062
EQUAL20200132,"Pure Via Stevia 100 Sticks with Free Luminarc Rondo Jar, Zero Calorie Sweetener Stevia Leaf Extract Sweetener, Sugar Substitute, Sugar Free, Diabetic Friendly, Sugar Alternative",795414761
4100290003555,Arla Milk Goodness Full Cream 1L,795548220
EQUAL20200139,"PURE VIA STEVIA 40 Sticks with FREE Luminarc Glass, Zero Calorie Sweetener Stevia Leaf Extract Sweetener, Sugar Substitute, Sugar Free, Diabetic Friendly, Sugar Alternative",949300689
WEBNAT000041,"NATURALS STEVIA 4 packs x 100 tablets, Zero Calorie Sweetener, Stevia Leaf Extract Sweetener, Sugar Substitute, Sugar Free, Diabetic Friendly, Sugar Alternative",1036878864
WEBNAT000039,"NATURALS STEVIA 2 packs x 100 tablets, Zero Calorie Sweetener, Stevia Leaf Extract Sweetener, Sugar Substitute, Sugar Free, Diabetic Friendly, Sugar Alternative",1036888829
WEBNAT000043,"NATURALS STEVIA 6 packs x 100 tablets, Zero Calorie Sweetener, Stevia Leaf Extract Sweetener, Sugar Substitute, Sugar Free, Diabetic Friendly, Sugar Alternative",1036890728
EQUAL20200146,"EQUAL Gold 3 boxes x 50 Sticks With Free Luminarc Rondo Jar, Zero Calorie Sweetener, Ketogenic Diet (Keto Diet) Friendly Sweetener, Low Carb Sweetener, Sugar Substitute, Erythritol Sweetener, Sucralose Sweetener, Sugar Free, Diabetic Friendly",1091048914
WEBMIX000011,"EQUAL Gold 3 Boxes x 750 Sticks Get Equal Classic 1000 Sticks, 0 Calorie & Low Carb Sweetener, Sugar Substitute, Erythritol & Sucralose Sweetener, Sugar Free, Diabetic Friendly, Baking Sugar Alternative",1112126996
EQUAL20200160,"EQUAL Gold 1 Box X 50 Sticks with FREE Luminarc Bowl, Zero Calorie Sweetener,Ketogenic Diet (Keto Diet) Friendly Sweetener, Low Carb Sweetener, Sugar Substitute, Erythritol Sweetener, Sucralose Sweetener, Sugar Free, Diabetic Friendly, Baking Sugar",1253316171
WEBEQG000024,"EQUAL Gold 50 boxes x 750 Sticks, Zero Calorie Sweetener,Ketogenic Diet (Keto Diet) Friendly Sweetener, Low Carb Sweetener, Sugar Substitute, Erythritol Sweetener, Sucralose Sweetener, Sugar Free, Diabetic Friendly, Baking Sugar Alternative",1253336516
WEBEQG000023,"EQUAL Gold 20 boxes x 750 Sticks, Zero Calorie Sweetener,Ketogenic Diet (Keto Diet) Friendly Sweetener, Low Carb Sweetener, Sugar Substitute, Erythritol Sweetener, Sucralose Sweetener, Sugar Free, Diabetic Friendly, Baking Sugar Alternative",1253378001
WEBEQG000022,"EQUAL Gold 10 boxes x 750 Sticks, Zero Calorie Sweetener,Ketogenic Diet (Keto Diet) Friendly Sweetener, Low Carb Sweetener, Sugar Substitute, Erythritol Sweetener, Sucralose Sweetener, Sugar Free, Diabetic Friendly, Baking Sugar Alternative",1253404178
8855096818513,Almond Breeze Unsweetened Almond Milk 1L,1394234209
6933890343749,FREE Salto Glass,1395724584
EQUAL20200155,Pure Via Stevia 100 Sticks - Buy 2 Get 2,1403304678
WEBNAT000078,"NATURALS STEVIA 15 sticks BUY 2 TAKE 2 Packs, 100% Natural Zero Calorie Sweetener, Stevia Leaf Extract Sweetener, Erythritol Sweetener, Sugar Substitute, Sugar Free, Diabetic Friendly, Sugar Alternative",1413498174
WEBEQC000039,"EQUAL Classic 12 sticks BUY 2 TAKE 2 Boxes, 0 Calorie Sweetener Sticks, Sugar Substitute, Zero Calorie Sugar Alternative, Sugar Free, Diabetic Friendly Sweetener",1413508470
EQUAL20200174,Pure Via Stevia 40 Sticks - Buy 2 Get 2,1512034695
WEBPRV000016,"PURE VIA STEVIA 12 boxes x 40 sticks 50% OFF PROMO, Zero Calorie Sweetener Stevia Leaf Extract Sweetener, Sugar Substitute, Sugar Free, Diabetic Friendly, Sugar Alternative",1512106939
WEBPRV000017,"PURE VIA STEVIA 12 boxes x 100 sticks 50% OFF PROMO, Zero Calorie Sweetener Stevia Leaf Extract Sweetener, Sugar Substitute, Sugar Free, Diabetic Friendly, Sugar Alternative",1512396702
WEBEQC000031,"EQUAL Classic 12 boxes x 12 sticks 50% OFF PROMO, 0 Calorie Sweetener Sticks, Sugar Substitute, Zero Calorie Sugar Alternative, Sugar Free, Diabetic Friendly Sweetener",1512506226
4800274040025,Quaker Quick Cooking Oatmeal,1639176562
4800274040018,Quaker Instant Oatmeal,1639190259
EQUAL20200182,FREE Luminarc Refreshment Jug,1643262533
EQUAL20200183,FREE Mini Mason Jar,1643296007
883314253375,FREE Luminarc Vacuum Jar,1678880580
WEBEQG000044,"EQUAL Gold Sugarly 150G Pouch Pack Buy 2 Get 1 FREE, Zero Calorie Sweetener, Ketogenic Diet (Keto Diet) Friendly Sweetener, Low Carb Sweetener, Sugar Substitute, Erythritol Sweetener, Sucralose Sweetener, Sugar Free, Diabetic Friendly Sweetener",1799776473
WEBNAT000064,"NATURALS STEVIA 100 Sticks Buy 2 Get 1 FREE, 100% Natural Zero Calorie Sweetener, Stevia Leaf Extract Sweetener, Erythritol Sweetener, Sugar Substitute, Sugar Free, Diabetic Friendly, Sugar Alternative",1799908320
WEBEQG000025,"EQUAL GOLD 750 STICKS with EQUAL GOLD 150G, 0 Calorie and Low Carb Sweetener, Ketogenic Diet (Keto Diet) Friendly Sweetener, Sugar Substitute, Erythritol Sweetener, Sucralose Sweetener, Sugar Free, Diabetic Friendly, Baking Sugar Alternative",1799959629
4801700061461,All About Baking All Purpose Flour,1833787632
883314861426,Luminarc Everyday All-Purpose Bowl,1887613925
883314811452,Luminarc Jumbo Troquet Mug,1887729491
WEBNAT000076,"NATURALS STEVIA 100 TABLETS X 1 PACK Buy 2 Get 1 FREE, Zero Calorie Sweetener, Stevia Leaf Extract Sweetener, Sugar Substitute, Sugar Free, Diabetic Friendly, Sugar Alternative",1890116628
WEBNAT000075,"NATURALS STEVIA 200 TABLETS X 1 PACK Buy 2 Get 1 FREE, Zero Calorie Sweetener, Stevia Leaf Extract Sweetener, Sugar Substitute, Sugar Free, Diabetic Friendly, Sugar Alternative",1890186090
WEBPRV000021,"Pure Via Stevia 40 Sticks Buy 2 Get 1 FREE, Zero Calorie Sweetener Stevia Leaf Extract Sweetener, Sugar Substitute, Sugar Free, Diabetic Friendly, Sugar Alternative",1955836736
WEBPRV000018,"Pure Via Stevia 100 Sticks Buy 2 Get 1 FREE, Zero Calorie Sweetener Stevia Leaf Extract Sweetener, Sugar Substitute, Sugar Free, Diabetic Friendly, Sugar Alternative",1955920421
EQUAL20210021,Luminarc Multi-Purpose Bowl with Lid,1967279769
WEBEQC000037,"EQUAL Classic 200 Tablets with Equal Classic 100 Tablets FREE, 0 Calorie Sweetener Tablets,Sugar Substitute, Zero Calorie Sugar Alternative, Sugar Free, Diabetic Friendly Sweetener",1967826789
WEBPRV000014,Pure Via Stevia Zero Calorie Sweetener 100 Sticks with FREE Luminarc Jumbo Troquet Mug,2068119788
WEBNAT000065,Buy 2 Naturals Stevia Zero Calorie Sweetener 200 Tablets + Naturals Stevia 40 Sticks FREE,2075218520
EQUAL20210049,Naturals Stevia 200 Tablets - Buy 2 Get 2,2075415213
4807788698179,"EQUAL Gold Sugarly 400g pouch with FREE Luminarc Multi-purpose Bowl with Lid, Zero Calorie Sweetener, Ketogenic Diet (Keto Diet) Friendly Sweetener, Low Carb Sweetener, Sugar Substitute, Erythritol Sweetener, Sucralose, Sugar Free, Diabetic Friendly",2083919567
4807788719966,"NATURALS STEVIA 100 Sticks With FREE Luminarc Stackable Jar, 100% Natural Zero Calorie Sweetener, Stevia Leaf Extract Sweetener, Erythritol Sweetener, Sugar Substitute, Sugar Free, Diabetes Friendly, Sugar Alternative",2083951650
JF000941,Selecta Fortified Milk 245ML,2148590719
7630486401034,"NATURALS MONK FRUIT 200g Pack, 100% Natural Sugar Replacement, Zero Calorie Sweetener, Monk Fruit Extract Sweetener, Erythritol Sweetener, Sugar Substitute, Sugar Free, Diabetic Friendly, Baking Sugar Alternative, Non-GMO",2250418165
WEBNAT000067,Buy Naturals Stevia Zero Calorie Sweetener 200 Tablets + Naturals Stevia 100 Tablets FREE,2277384564
EQUAL20210070,Equal Unilab Sampler Pack,2277559964
JF000944,Selecta Low Fat Milk 1L,2285914993
4800888602268,Lady's Choice Real Mayonnaise Regular 220ML Pouch,2285947845
WF000436,White King All Purpose Flour 800g,2285952745
4800888601001-3,Knorr Cubes Savers Beef 120g x3,2285973601
4800888601032-3,Knorr Cubes Savers Chicken 120g x3,2285976565
4800888602275,Ladys Choice Chicken Spread 220ml Pouch,2286005528
JF001050,Selecta Sterilized Milk 1L,2286030275
WF000183,White King Classic Hotcake Mix 400g,2286064070
EQUAL20210071,EQUAL DutchMill Soy Secrets Monde Freebie,2296124209
WEBEQG000030,"Buy 2 EQUAL Gold Sugarly 150G Pouch Pack Get FREE Luminarc Multi-purpose Bowl with Lid, Zero Calorie Sweetener,Ketogenic Diet (Keto Diet) Friendly Sweetener, Low Carb Sweetener, Sugar Substitute, Erythritol Sweetener",2296363979
EQUAL20210078,NATURALS STEVIA 1 box x 100 Sticks with Naturals Stevia 200 Tablets FREE,2296389686
WEBPRV000011,"Pure Via Stevia 100 Sticks with Pure Via 40 Sticks FREE, Zero Calorie Sweetener , Stevia Leaf Extract Sweetener, Sugar Substitute, Sugar Free, Diabetic Friendly, Sugar Alternative",2296462296
WEBNAT000069,"NATURALS STEVIA 1 box x 100 Sticks with Naturals Stevia 40 Sticks FREE, 100% Natural Zero Calorie Sweetener,Stevia Leaf Extract Sweetener, Erythritol Sweetener, Sugar Substitute, Sugar Free, Diabetic Friendly, Sugar Alternative",2296492100
EQUAL20210093,"EQUAL Gold Peach Panna Cotta Recipe Kit, Zero Calorie Sweetener,Ketogenic Diet (Keto Diet) Friendly Sweetener, Low Carb Sweetener, , Happy Barn Fresh Milk, Dolce Vita Peach Halves in Heavy Syrup 820g",2327971966
EQUAL20210092,"EQUAL GOLD and NATURALS STEVIA Sweet Cheese Souffle Recipe Kit, Zero Calorie Sweetener,Ketogenic Diet (Keto Diet) Friendly Sweetener, Low Carb Sweetener, Happy barn Fresh Milk, Italianna Formaggi Grated Parmesan 1kg",2328093191
WEBNAT000046,"Buy NATURALS MONK FRUIT 2 packs x 200g, Get 1 additional for FREE",2401383096
WEBMIX000013,Buy 2 Naturals Monk Fruit Zero Calorie Sweetener 40 Sticks + Naturals Stevia 40 Sticks FREE,2439603572
WEBNAT000055,Naturals Monk Fruit Zero Calorie Sweetener 2 Boxes x 40 Sticks with FREE Luminarc Jumbo Troquet Mug,2439606583
WEBMIX000012,Buy 2 Naturals Monk Fruit Zero Calorie Sweetener 200g Pack + Equal Gold Sugarly 150g Pack FREE,2439611558
WEBNAT000073,"NATURALS MONK FRUIT 1 pack x 200g, Buy 2 Get 1 FREE, 100% Natural Zero Calorie Sweetener, Monk Fruit Extract Sweetener, Erythritol Sweetener, Sugar Substitute, Sugar Free, Diabetic Friendly, Sugar Alternative, Non-GMO",2441029959
WEBNAT000054,"NATURALS MONK FRUIT 2 boxes x 40 sticks with FREE Luminarc Multi-Purpose Bowl with Lid, 100% Natural Zero Calorie Sweetener, Monk Fruit Extract Sweetener, Erythritol Sweetener, Sugar Substitute, Sugar Free, Diabetic Friendly, Sugar Alternative, Non-GMO",2441077824
WEBNAT000053,"NATURALS MONK FRUIT 200g Pack with FREE Luminarc Everyday All Purpose Bowl, 100% Natural Zero Calorie Sweetener, Monk Fruit Extract Sweetener, Erythritol Sweetener, Sugar Substitute, Sugar Free, Diabetic Friendly, Baking Sugar Alternative, Non-GMO",2441096725
9321778650992_1111,CRAZY 11.11 DEAL: EQUAL GOLD 750s at P111,2509744872
WEBEQG000026,EQUAL Gold 2 boxes x 50 sticks with FREE Luminarc Stylish Salad Bowl,2581806936
WEBEQG000039,BUY EQUAL Gold Sugarly 2 packs x 400g GET EQUAL Gold 1 box x 50 sticks for FREE,2581927219
EQUAL20210109_GWP_B1_883314837285_B1_8850186940018_B1_GWP,Equal 12.12 GWP,2581972572
WEBNAT000004,"NATURALS MONK FRUIT 1 box x 40 sticks, Buy 2 Get 1 FREE, 100% Natural Zero Calorie Sweetener, Monk Fruit Extract Sweetener, Erythritol Sweetener, Sugar Substitute, Sugar Free, Diabetic Friendly, Sugar Alternative, Non-GMO",2718204352
WEBPRV000022,Pure Via Stevia 100 Sticks - Buy 2 Get 2,2721440958
WEBPRV000020,"[BUY 2 GET 1] Pure Via Stevia Zero Calorie Sweetener 2 boxes x 100 Sticks, Get FREE 40 Sticks",2721464605
WEBPRV000023,Pure Via Stevia 40 Sticks - Buy 2 Get 2,2721471814
EQUAL20200097_B1T1,Pure Via Stevia 40 Sticks - Buy 1 Get 1,2721534149
WEBNAT000068,"NATURALS STEVIA 1 box x 100 Sticks with Naturals Stevia 200 Tablets FREE, 100% Natural Zero Calorie Sweetener,Stevia Leaf Extract Sweetener, Erythritol Sweetener, Sugar Substitute, Sugar Free, Diabetic Friendly, Sugar Alternative",2725643548
WEBEQG000042,EQUAL Gold Sugarly 150G Pouch Pack - Buy 2 Get 1,2774748828
WEBEQG000040,EQUAL Gold Sugarly 400 G Pouch Pack - Buy 2 Get 1,2774812435
WEBNAT000074,NATURALS STEVIA 100 Sticks - Buy 2 Get 1,2774866188
FREE8850186910011,PURE VIA 100 STICKS X 1 PACK (not for sale),2823521729
FREE8850186940018,PURE VIA 40 STICKS X 1 PACK (not for sale),2823564342
8850186910011_FREEGOODS_GWP_B4,PURE VIA 100 STICKS X 4 PACK,2851975954
8850186910011_FREEGOODS_GWP_B3,PURE VIA 100 STICKS X 3 PACK,2852057366
8850186910011_FREEGOODS_GWP_B12,PURE VIA 100 STICKS X 12 PACK,2852071253
8850186910011_FREEGOODS_GWP_B6,PURE VIA 100 STICKS X 6 PACK,2852074253
8850186910011_FREEGOODS_GWP_B5,PURE VIA 100 STICKS X 5 PACK,2852084216
WEBEQG000047,"EQUAL Gold Sugarly 150g Pouch with FREE Luminarc .5L Rondo Jar, Zero Calorie Sweetener, Ketogenic Diet (Keto Diet) Friendly Sweetener, Low Carb Sweetener, Sugar Substitute, Erythritol Sweetener, Sucralose Sweetener, Sugar Free, Diabetic Friendly Sweetener",2987604783
WEBEQG000048,"EQUAL Gold 2 Boxes x 50 Sticks with FREE Luminarc Stackable Jar, Zero Calorie Sweetener, Keto Diet Friendly Sweetener, Low Carb Sweetener, Sugar Substitute, Erythritol Sweetener, Sucralose Sweetener, Sugar Free, Diabetic Friendly, Baking Sugar Alternative",3012029185
FREE7640110709542,NATURALS STEVIA 1 pack x 200 tablets (FREE ITEMS),3104327326
WEBNAT000100,"NATURALS STEVIA 1 box x 100 Sticks with Naturals Stevia 200 Tablets FREE, 100% Natural Zero Calorie Sweetener,Stevia Leaf Extract Sweetener, Erythritol Sweetener, Sugar Substitute, Sugar Free, Diabetic Friendly, Sugar Alternative",3104696614
WEBPRV000030,Pure Via Stevia 40 Sticks - Buy 2 Get 2,3104728567
WEBPRV000029,Pure Via Stevia 100 Sticks - Buy 2 Get 2,3104754391
WEBPRV000026,Pure Via Stevia 40 Sticks - Buy 1 Get 1,3104778207
WEBPRV000027,Pure Via Stevia 100 Sticks - Buy 1 Get 1,3104784232
WEBNAT000105,Naturals Stevia Zero Calorie Sweetener 200 Tablets Buy 2 Get 1 FREE,3104810048
WEBNAT000095,Naturals Stevia 200 Tablets - Buy 1 Get 1,3114520482
WEBPRV000025,"Pure Via Stevia 100 Sticks Buy 2 Get 1 FREE, Zero Calorie Sweetener Stevia Leaf Extract Sweetener, Sugar Substitute, Sugar Free, Diabetic Friendly, Sugar Alternative",3114633555
WEBNAT000107,Naturals Stevia 200 Tablets - Buy 2 Get 2,3114646377
WEBEQG000050,Buy 2 Equal Gold No Calorie Sweetener 50 Sticks + Equal Gold Sugarly Zero Calorie 150G FREE,3137193895
WEBNAT000097,Buy 2 Naturals Stevia Zero Calorie Sweetener 200 Tablets + Naturals Stevia 40 Sticks FREE,3137199821
WEBMIX000024,Buy 2 Naturals Stevia Zero Calorie Sweetener 100 Sticks + Equal Gold Sugarly Zero Calorie 150G FREE,3137200853
WEBMIX000020,Buy 2 Naturals Monk Fruit Zero Calorie Sweetener 200g Pack + Equal Gold Sugarly 150g Pack FREE,3137213915
WEBEQG000049,"EQUAL Gold Sugarly 400 G Pouch Pack with Equal Gold 50 Sticks FREE, Zero Calorie Sweetener,Ketogenic Diet (Keto Diet) Friendly Sweetener, Low Carb Sweetener, Sugar Substitute, Erythritol Sweetener, Sucralose Sweetener, Sugar Free",3137232497
WEBEQG000054,EQUAL Gold Sugarly 150G Pouch Pack - Buy 2 Get 1,3137240422
WEBNAT000101,"NATURALS STEVIA 1 box x 100 Sticks with Naturals Stevia 40 Sticks FREE, 100% Natural Zero Calorie Sweetener,Stevia Leaf Extract Sweetener, Erythritol Sweetener, Sugar Substitute, Sugar Free, Diabetic Friendly, Sugar Alternative",3137255327
WEBEQG000053,EQUAL Gold 50 Sticks - Buy 2 Get 1,3137261258
WEBEQG000052,EQUAL Gold Sugarly 400 G Pouch Pack - Buy 2 Get 1,3137265250
WEBEQG000051,BUY EQUAL Gold Sugarly 2 packs x 400g GET EQUAL Gold 1 box x 50 sticks for FREE,3137266257
WEBNAT000104,NATURALS STEVIA 100 Sticks - Buy 2 Get 1,3137271191
WEBMIX000023,Buy 2 Equal Gold Sugarly Zero Calorie Sweetener 400g Pack + Naturals Stevia 100 Sticks FREE,3137281119
WEBEQG000057,"EQUAL Gold Sugarly 400 G Pouch Pack Buy 2 Get 1 FREE, Zero Calorie Sweetener, Ketogenic Diet (Keto Diet) Friendly Sweetener, Low Carb Sweetener, Sugar Substitute, Erythritol Sweetener, Sucralose Sweetener, Sugar Free, Diabetic Friendly Sweetener",3137282103
WEBEQG000056,"EQUAL Gold Sugarly 150G Pouch Pack Buy 2 Get 1 FREE, Zero Calorie Sweetener, Ketogenic Diet (Keto Diet) Friendly Sweetener, Low Carb Sweetener, Sugar Substitute, Erythritol Sweetener, Sucralose Sweetener, Sugar Free, Diabetic Friendly Sweetener",3137285051
WEBMIX000019,"EQUAL Gold 3 Boxes x 750 Sticks Get Equal Classic 1000 Sticks, 0 Calorie & Low Carb Sweetener, Sugar Substitute, Erythritol & Sucralose Sweetener, Sugar Free, Diabetic Friendly, Baking Sugar Alternative",3137290044
WEBNAT000106,"NATURALS STEVIA 100 TABLETS X 1 PACK Buy 2 Get 1 FREE, Zero Calorie Sweetener, Stevia Leaf Extract Sweetener, Sugar Substitute, Sugar Free, Diabetic Friendly, Sugar Alternative",3137293016
WEBNAT000070,"NATURALS STEVIA 1 pack x 100 tablets Buy 1 Get 1, Zero Calorie Sweetener, Stevia Leaf Extract Sweetener, Sugar Substitute, Sugar Free, Diabetic Friendly, Sugar Alternative",3159835143
WEBEQC000041,"EQUAL Classic 1 box x 50 sticks with Equal Classic 12 sticks FREE, 0 Calorie Sweetener Sticks, Sugar Substitute, Zero Calorie Sugar Alternative, Sugar Free, Diabetic Friendly Sweetener",3285831866
WEBNAT000094,"NATURALS STEVIA 1 box x 100 sticks with Naturals Stevia 100 Tablets FREE, 100% Natural Zero Calorie Sweetener, Stevia Leaf Extract Sweetener, Erythritol Sweetener, Sugar Substitute, Sugar Free, Diabetic Friendly, Sugar Alternative",3285883519
WEBEQC000042,EQUAL Classic 2 Boxes x 100 Sticks with FREE Luminarc Luminarc Stackable Jar,3285886496
WEBNAT000099,NATURALS STEVIA 1 Pack x 200 Tablets with FREE Naturals Stevia 1 pack x 100 tablets,3285931413
EQUAL20220902_GWP,Equal Sampler Pack,3345550258
FREE7640110709436,NATURALS STEVIA 1 pack x 100 tablets (FREE ITEMS),3363415594
WEBEQG000061,"EQUAL Gold Sugarly 1 pack x 400g with Equal Gold 150g FREE, Zero Calorie Sweetener, Ketogenic Diet (Keto Diet) Friendly Sweetener, Low Carb Sweetener, Sugar Substitute, Erythritol Sweetener, Sucralose Sweetener, Sugar Free, Diabetic Friendly Sweetener",3377668292
WEBNAT000116,"NATURALS STEVIA 1 pack x 100 tablets Buy 2 Get 2, Zero Calorie Sweetener, Stevia Leaf Extract Sweetener, Sugar Substitute, Sugar Free, Diabetic Friendly, Sugar Alternative",3401423898
WEBNAT000114,"NATURALS STEVIA 1 box x 100 sticks with Naturals Stevia 100 Tablets FREE, 100% Natural Zero Calorie Sweetener, Stevia Leaf Extract Sweetener, Erythritol Sweetener, Sugar Substitute, Sugar Free, Diabetic Friendly, Sugar Alternative",3401496364
WEBNAT000115,"NATURALS STEVIA 1 pack x 100 tablets Buy 1 Get 1, Zero Calorie Sweetener, Stevia Leaf Extract Sweetener, Sugar Substitute, Sugar Free, Diabetic Friendly, Sugar Alternative",3401521337
WEBMIX000027,"Buy 3 EQUAL Gold 1 box x 750 sticks Get 1 Naturals Erythritol 1KG FREE, Zero Calorie Sweetener, Ketogenic Diet (Keto Diet) Friendly Sweetener, Erythritol Sweetener, Sucralose Sweetener, Sugar Free, Diabetic Friendly, Baking Sugar Alternative",3467774786
WEBMIX000028,"Buy 4 EQUAL Gold 1 box x 750 sticks Get 1 Naturals Stevia 1KG FREE, Zero Calorie Sweetener, Ketogenic Diet (Keto Diet) Friendly Sweetener, Erythritol Sweetener, Sucralose Sweetener, Sugar Free, Diabetic Friendly, Baking Sugar Alternative",3467922020
WEBEQG000062,"Buy 2 EQUAL Gold Sugarly 1 pack x 400g Get 1 Naturals Stevia 150g FREE, Zero Calorie Sweetener, Ketogenic Diet Friendly Sweetener, Low Carb, Sugar Substitute, Erythritol Sweetener, Sucralose Sweetener, Diabetic Friendly Sweetener, Baking Sugar Alternative",3481940172
WEBNAT000117,"NATURALS MONK FRUIT 200g Pack Buy 1 Get 1, 100% Natural Sugar Replacement, Zero Calorie Sweetener, Monk Fruit Extract Sweetener, Erythritol Sweetener, Sugar Substitute, Sugar Free, Diabetic Friendly, Baking Sugar Alternative, Non-GMO",3499732424
WEBEQC000044,"EQUAL Classic 1 Box x 100 Sticks Get 1 Classic 50 Sticks FREE, 0 Calorie Sweetener Sticks, Sugar Substitute, Zero Calorie Sugar Alternative, Sugar Free, Diabetic Friendly Sweetener",3597202949
WEBNAT000120,"NATURALS STEVIA 1 box x 100 sticks with FREE Luminarc Salto Glass (Green), 100% Natural Zero Calorie Sweetener, Stevia Leaf Extract Sweetener, Erythritol Sweetener, Sugar Substitute, Sugar Free, Diabetic Friendly, Sugar Alternative",3597212895
6918035001456,Luminarc Salto Glass (Yellow),3597212900
6918035001524,Luminarc Salto Glass (Green),3597217805
WEBEQG000063,"EQUAL Gold 2 boxes x 50 sticks + FREE Luminarc Salto Glass (Yellow), Zero Calorie Sweetener, Keto Diet Friendly Sweetener, Low Carb, Sugar Substitute, Erythritol Sweetener, Sucralose Sweetener, Sugar Free, Diabetic Friendly, Baking Sugar Alternative",3597242677
WEBEQC000045,"Buy 2 EQUAL Classic 1 box x 50 sticks with FREE Luminarc Jumbo Troquet Mug, 0 Calorie Sweetener",3602859339
WEBNAT000122,"Buy 2 NATURALS STEVIA 1 pack x 150g with FREE Luminarc Stackable Jar, 100% Natural Zero Calorie Sweetener, Stevia Leaf Extract Sweetener, Erythritol Sweetener, Sugar Substitute, Sugar Free, Diabetic Friendly, Sugar Alternative",3852097785
WEBEQG000066,"Buy 2 EQUAL Gold Sugarly 1 pack x 150g with FREE Luminarc Stackable Jar, Zero Calorie Sweetener, Ketogenic Diet (Keto Diet) Friendly Sweetener, Low Carb Sweetener, Sugar Substitute, Erythritol Sweetener, Sucralose Sweetener, Sugar Free, Diabetic Friendly",3852142578
WEBEQG000067,"EQUAL Gold Sugarly 1 pack x 400g with FREE Luminarc Rondo Jar 0.5L, Zero Calorie Sweetener, Ketogenic Diet (Keto Diet) Friendly Sweetener, Low Carb Sweetener, Sugar Substitute, Erythritol Sweetener, Sucralose Sweetener, Sugar Free, Diabetic Friendly",3874478766
WEBNAT000124,"NATURALS STEVIA 1 pack x 400g with FREE Luminarc Rondo Jar 0.5L, 100% Natural Zero Calorie Sweetener, Stevia Leaf Extract Sweetener, Erythritol Sweetener, Sugar Substitute, Sugar Free, Diabetic Friendly, Sugar Alternative",3874639043
7630486401799,"NATURALS MONK FRUIT BROWN SUGAR REPLACEMENT 150g Pack, 100% Natural Sugar Replacement, Zero Calorie Sweetener, Monk Fruit Extract Sweetener, Erythritol Sweetener, Sugar Substitute, Sugar Free, Diabetic Friendly, Baking Sugar Alternative, Non-GMO",3888051824
883314926439,(GIFT WITH PURCHASE) DO NOT PURCHASE 0.5L RONDO JAR,3928333361
WEBNAT000125,Buy 2 Naturals Stevia 150g Pouch with FREE Luminarc .5L Rondo Jar,4089897710
WEBEQG000069,Buy 2 Equal Gold 50 sticks Get Birch Tree Advance Adult Milk Vanilla 60g,4089906589
WEBNAT000127,Buy Naturals Stevia 100 sticks Get Birch Tree Advance Adult Milk Vanilla 60g,4090017135
WEBEQG000068,Buy 2 EQUAL Gold Sugarly 150g Pouch with FREE Luminarc .5L Rondo Jar,4090023104
WEBMFB000001,Buy 2 Monk Fruit Brown Sugar 150g Pouch with FREE Luminarc .5L Rondo Jar,4111465221
WEBMIX000029,"[GOOD FOR YOU GIFTSET] Buy Naturals Monk Fruit 200g and Naturals Monk Fruit 40 Sticks, get FREE Nutrifam Chia Seeds",4178386530
WEBMIX000030,"[GOOD FOR YOU GIFTSET] Buy Naturals Stevia 100% Natural Zero Calorie Sweetener 150g and Naturals Stevia 100% Natural Zero Calorie Sweetener 100 Sticks, get FREE Shirataki Rice + Lumincar Bowl",4178489406
WEBEQG000070,[ONLINE EXCLUSIVE] Equal Gold Sugarly Zero Calorie 150G x 3 with FREE Quaker Instant Oats 400g,4216465925
WEBNAT000130,[ONLINE EXCLUSIVE] Monkfruit Brown 150g x3 with FREE Quaker Rolled Oats 500g,4216514710
WEBNAT000128,"[with FREE GIFT] Buy 2 packs of Naturals Monk Fruit Zero Calorie Sweetener 200g, FREE Quaker Oats",4216516592
WEBNAT000129,[ONLINE EXCLUSIVE] Naturals Stevia Zero Calorie Sweetener 40 Sticks x 4 with FREE Quaker Instant Oats 400g,4216579223
WEBNAT000131,[ONLINE EXCLUSIVE] Naturals Stevia Pouch 400g x 2 with FREE Quaker Rolled Oats 500g,4216623041
WEBEQC000049,Equal Classic Zero Calorie Sweetener 300 sticks x 2 Get Free Luminarc Stackable Jar Blue,4216636008
FREE7630486401799,"NATURALS MONK FRUIT BROWN SUGAR REPLACEMENT 150g Pack, 100% Natural Sugar Replacement, Zero Calorie Sweetener, Monk Fruit Extract Sweetener, Erythritol Sweetener, Sugar Substitute, Sugar Free, Diabetic Friendly, Baking Sugar Alternative, Non-GMO",4256363061
WEBNAT000142,"[BUY 3 GET 1] Naturals Stevia 100% Natural Zero Calorie Sweetener 3 x 500 Sticks, Get FREE 500 Sticks",4301750489
WEBNAT000141,"[BUY 2 GET 1] Monk Fruit Brown Sugar 2 x 150g, Get FREE 150g",4301784218
WEBFNAT00004,"[B3G1] Buy 3 Boxes of Naturals Stevia 200 Tablets, 100% Natural, Zero Calorie , Get FREE 200 Tablets",4428338981
WEBFEQC00003,"[B2G1] Buy 2 Boxes of Equal Classic 100 Sticks, Zero Calorie Sweetener , Get FREE 100 Sticks",4428467183
